{
  "project_info": {
    "project_number": "300699466258",
    "firebase_url": "https://travelmantics-c612e.firebaseio.com",
    "project_id": "travelmantics-c612e",
    "storage_bucket": "travelmantics-c612e.appspot.com"
  },
  "client": [
    {
      "client_info": {
        "mobilesdk_app_id": "1:300699466258:android:b4470d06b32c6715",
        "android_client_info": {
          "package_name": "com.example.travelmantics"
        }
      },
      "oauth_client": [
        {
          "client_id": "300699466258-s8v478dciic95q37mjdov3v16tk51aoa.apps.googleusercontent.com",
          "client_type": 1,
          "android_info": {
            "package_name": "com.example.travelmantics",
            "certificate_hash": "26cfe7e43afe5a3a34cc2470b7811205745af5f9"
          }
        },
        {
          "client_id": "300699466258-hseqq12eb4k3s93skgo7dtatohpag53n.apps.googleusercontent.com",
          "client_type": 3
        }
      ],
      "api_key": [
        {
          "current_key": "AIzaSyCttGS0DgAKnW_xg1AeJ_yUXStuOd0R480"
        }
      ],
      "services": {
        "appinvite_service": {
          "other_platform_oauth_client": [
            {
              "client_id": "300699466258-hseqq12eb4k3s93skgo7dtatohpag53n.apps.googleusercontent.com",
              "client_type": 3
            }
          ]
        }
      }
    }
  ],
  "configuration_version": "1"
}